"Sprout Id","Type","Name","Handle","Native Id","Link","Additional Info (1)","Additional Info (2)","Groups"
"7167703","bluesky","","securepatientit.bsky.social","'did:plc:ftkfi7uzpd43jvg6ty5vocfo","https://bsky.app/profile/securepatientit.bsky.social","","","Secure Patient Technology"
"7167938","bluesky","Snouts, Paws & Tails","snoutspawstails.bsky.social","'did:plc:hpyemy7aikr5tjzxfelzdqxk","https://bsky.app/profile/snoutspawstails.bsky.social","","","Snouts, Paws & Tails"
"6472396","facebook","Snouts Paws and Tails","snoutspawstails","'345082548683029","https://www.facebook.com/345082548683029","","","Snouts, Paws & Tails"
"7080974","fb_ad_account","SP&T Ads","","'act_2076729389495800","","","","Snouts, Paws & Tails"
"6656240","fb_ad_account","Snouts Paws and Tails","","'act_906179258235011","","","","Snouts, Paws & Tails"
"7599412","fb_instagram_account","Arletta Brown","drarlettabrown","'17841411504602833","https://instagram.com/drarlettabrown","","","SPT Personas"
"7140859","fb_instagram_account","Secure Patient Technology","securepatientit","'17841476182934177","https://instagram.com/securepatientit","","","Secure Patient Technology"
"7477677","fb_instagram_account","Snouts Paws and Tails","snoutspawsntails","'17841446172330486","https://instagram.com/snoutspawsntails","","","Snouts, Paws & Tails"
"7686888","google_analytics_property","Snouts Paws & Tails","","'534012402","","","","Snouts, Paws & Tails"
"6575476","google_analytics_property","Snouts Paws and Tails","","'451815321","","","","Snouts, Paws & Tails"
"7038952","google_my_business","Snouts, Paws & Tails","","'1770493113875028185","","","17937470471643021356","Snouts, Paws & Tails"
"7712894","linkedin_ad_account","FTB","","'500774322","","","","Snouts, Paws & Tails"
"6692695","linkedin_ad_account","Snouts, Paws and Tails","","'513783677","","","","Snouts, Paws & Tails"
"7688327","linkedin_ad_account","Sprout Social - Demo Account","","'509862186","","","","Snouts, Paws & Tails"
"7712895","linkedin_ad_account","Sprout’s Ad Account","","'514318667","","","","Snouts, Paws & Tails"
"7139172","linkedin_company","Secure Patient Technology","secure-patient-technology","'107999792","https://www.linkedin.com/company/secure-patient-technology/","","","Secure Patient Technology"
"6543338","linkedin_company","Snouts, Paws and Tails","snoutspawstails","'104556403","https://www.linkedin.com/company/snoutspawstails/","","","Snouts, Paws & Tails"
"7688891","linkedin_company","Summit Active","summit-active","'3063574","https://www.linkedin.com/company/summit-active/","","","Snouts, Paws & Tails"
"7453490","pinterest","","SPTPets","'1145532992627020527","https://pinterest.com/SPTPets/","","","Snouts, Paws & Tails"
"7485697","reddit","r/SnoutsPawsTails","SnoutsPawsTails","'t5_gnf6vh","https://www.reddit.com/r/SnoutsPawsTails","","","Snouts, Paws & Tails"
"7485688","reddit_user","SPTJackie","SPTJackie","'t2_28hjeyr4h5","https://www.reddit.com/user/SPTJackie","","","Secure Patient Technology, Snouts, Paws & Tails"
"7576163","snapchat","Snouts, Paws, & Tails","snoutspawstails","'9fae458e-2e51-48d3-a6fc-9f60b728c685","","","","Snouts, Paws & Tails"
"7213583","threads","securepatientit","securepatientit","'24449198968082448","https://www.threads.net/@securepatientit","","","Secure Patient Technology"
"6573178","threads","snoutspawstails","snoutspawstails","'8459497504117783","https://www.threads.net/@snoutspawstails","","","Snouts, Paws & Tails"
"6575394","tiktok","Snouts, Paws & Tails","snoutspawstails","'f0093faa-18a0-5cdd-b345-4a92aeb5ff97","https://www.tiktok.com/@snoutspawstails","","","Snouts, Paws & Tails"
"7451937","tiktok","sproutcoffeeco","sproutcoffeeco","'a0dbc5f5-ea5f-48d8-a5ee-045d553c0031","https://www.tiktok.com/@sproutcoffeeco","","","Snouts, Paws & Tails"
"7371059","twitter","Emily Nguyen","EmilyNMarketing","'1780294523886661633","https://twitter.com/EmilyNMarketing","","","SPT Personas"
"7371093","twitter","Liam O'Sullivan","dublindrforkids","'1779967949035470849","https://twitter.com/dublindrforkids","","","SPT Personas"
"7139160","twitter","SecurePatientTechnology","SecurePatientIT","'1945503647598780416","https://twitter.com/SecurePatientIT","","","Secure Patient Technology"
"6497712","twitter","SnoutsPawsTails","SnoutsPawsTails","'1800970212772069377","https://twitter.com/SnoutsPawsTails","","","Snouts, Paws & Tails"
"6871554","whatsapp","Snouts, Paws & Tails","	+15557016558","'486263641247717","https://wa.me/+15557016558","","","Snouts, Paws & Tails"
"7062326","yelp","Basil- Test Listing","","'vsI-zHdG7cFQzpGsyxpQnA","https://www.yelp.com/biz/vsI-zHdG7cFQzpGsyxpQnA","100 Franklin St Fl 8 Boston, MA 02110","","Snouts, Paws & Tails"
"7314445","yelp","Secure Patient Technology","","'ncsRMv4IzJGBJSeflQ1PTg","https://www.yelp.com/biz/ncsRMv4IzJGBJSeflQ1PTg","60 Borglum Rd Wilton, CT 06897","","Secure Patient Technology"
"7047458","yelp","Snouts, Paws and Tails","","'6KR83Jn2XdrDxVfpBAruBA","https://www.yelp.com/biz/6KR83Jn2XdrDxVfpBAruBA","Chicago, IL 60603","","Snouts, Paws & Tails"
